recurso,15826
originais,15704
documentos,15587
todos,15514
habilitar,15502
todas,15467
mensagens,15449
desempate,15437
anexo,15342
iminência,15097
amostra,366
proposta,233
intenção,172
documentação,152
habilitação,151
original,131
prazo,121
amostras,119
aleatório,97
recurso,94
vencedor,93
recursos,87
suspenso,81
reabertura,74
desempate,72
e-mail,71
documentos,70
todos,69
documento,65
desclassificado,64
anexo,61
negociação,60
licitantes,60
homologado,59
mensagens,55
adjudicado,55
declarado vencedor,54
todas,54
habilitar,54
intenção de recurso,54
email,53
anexar,48
reaberto,45
envio,44
habilitado,44
bom dia,43
catálogo,42
correios,41
enviar,41
declarado,41
desclassificação,41
suspensão,40
arrematante,40
correio,39
desclassificada,38
solicito,35
amostra,32
aceito,30
licitante,30
convocação,29
eminência,29
proposta,29
fornecedores,27
suspensa,27
catalogo,27
aberto,27
fornecedor,27
lance,27
homologação,26
diligência,26
boa tarde,26
prazo,24
registro,23
habilita,23
negociar,22
inabilitado,22
encerramento,21
remanescente,20
originais,20
vencedora,19
convoco,19
diligências,19
inabilitada,19
propostas,19
sessão,18
vencedores,18
retornaremos,17
recursal,17
documentações,17
intenção de recursos,17
suspender,16
document,16
habilitada,16
pregoeiro,15
catálogos,15
empresa,15
item,15
folder,15
convocado,14
impugnação,14
origina,14
fechado,14
habilitação,14
adjudica,14
empresas,14
,14
arrematado,13
intenção,13
reaberta,13
manifestação,13
horas,13
atenção,13
aceitação,12
retornamos,12
amostras,12
encerrada,12
boa tarde,12
endereço,12
recursos,11
randômico,11
readequada,11
abertura,11
original,11
global,11
minutos,11
iminência,11
homologada,11
reiniciada,11
bom dia,11
encerramento aleatório,11
mail,10
físico,10
reabriremos,10
documentacao,10
elfa,10
encaminhar,10
adjudicação,10
reagendado,10
planilha,10
classificada,10
início,10
contraproposta,10
iminncia,9
anexos,9
negociação,9
encerrado,9
encerra,9
apresentar,9
julgamento,9
central,9
fechada,9
voltaremos,9
declarar vencedor,9
cancelado,9
contraproposta,9
omega,9
razão,9
convocada,9
certame,8
diligencia,8
referência,8
senhores,8
intencao,8
contrarrazão,8
prospecto,8
luciana,8
pharmedice,8
jaw,8
documentaçao,8
classificação,8
empate,8
documentação,8
geral,8
recusado,8
classificado,8
retorno,8
inabilitação,8
vencedoras,8
estimado,8
retornando,8
oliveira,8
desclassificar,8
aleatorio,8
diligencias,8
homologar,8
retomada,8
declaração,7
1376,7
análise tecnica,7
iminencia,7
vencedor,7
analise técnica,7
laudo,7
parecer tecnico,7
reserva,7
atenção para a convocação,7
1035,7
análise técnica,7
adjudicado,7
análise,7
pharmédice,7
1327,7
1127,7
licitantes,7
1233,7
mensage,7
redução,7
analise tecnica,7
supermedica,7
1496,7
lances,7
parecer técnico,7
ibama,6
e-mail,6
proposta atualizada,6
metromed,6
fabiana,6
arrematantes,6
prazo final,6
física,6
aceito e habilitado,6
aceita,6
técnica,6
suspenderei,6
sedex,6
actgene,6
adjudicada,6
atualizada,6
elfa,6
interesse,6
disputa,6
inabilita,6
encerramento,6
meta,6
continuidade,6
primeiro,6
horário,6
envio,6
aberta,6
propostas,6
adiado,6
desclassificado,6
contra,6
solicito,6
realinhada,6
dias,6
intenção de recurso,6
minuto,5
@,5
autenticada,5
desclassifi,5
documen,5
preço,5
catalogo,5
suspenderemos,5
físicos,5
tarde,5
correios,5
convocações,5
recusada,5
lances,5
documento,5
rioclarense,5
imperatriz,5
foi informado o prazo final para registro de intenção de recursos,5
ficha técnica,5
data,5
arrematante,5
primeiro lugar,5
inabilitar,5
rastreio,5
michael,5
anexos,5
negociar,5
suspenso,5
contra-razão,5
micro,5
registro de intenção de recursos,5
enviou,5
aguia,5
inicio,5
randômica,5
convocamos,5
retomamos,5
final,5
damaris,5
aviso,4
habilitados,4
millenium,4
brasil,4
licitante,4
reabrirei,4
item,4
cancelada,4
costa,4
úteis,4
remarcada,4
custo,4
mensagem,4
interposição,4
revogado,4
proposta readequada,4
proponente,4
anex,4
email,4
solicito o envio,4
lm farma,4
comercio,4
folheto,4
RIOCLARENSE,4
habilitaÇÃo,4
encerraremos,4
prezados,4
erimar,4
representações,4
biovalic,4
mensagem,4
prazo final,4
aceito,4
homologado,4
próximo,4
nardelli,4
tempo,4
inmetro,4
adjudicação,4
fisica,4
lei 123,4
innovare,4
cadastro,4
etapa fechada foi iniciada,4
produto,4
homologa,4
em disputa,4
dadb,4
sicaf,4
fisico,4
b.f industria,4
2475,4
anulado,4
grupo,4
contra razão,4
intensão,4
encaminhar,4
enviar,4
pharmalog,4
continuaremos,4
comercial oliveira & paz ltda,4
interpor,4
remanescentes,4
foram solicitadas diligências,3
mhe,3
varejista,3
Licitantes,3
luciana de oliveira,3
segundo,3
fernanda,3
horas,3
desclassifico,3
habilitacao,3
convocação do fornecedor,3
começou a disputa do lote,3
final,3
volta,3
ganhadora,3
disputa encerrada,3
cristal,3
elfa medicamentos,3
aleatório,3
Aleatório,3
savvy,3
toall,3
entrega,3
finalizada,3
agps,3
edital,3
beaga,3
vipe,3
gustavo,3
está aberto o prazo para registro de intenção de recurso,3
lugar,3
conectado,3
esclarecimento,3
serra,3
retomaremos,3
esfera,3
cedro,3
senhor fornecedor,3
adesão,3
suspens,3
manual,3
martins,3
MHE,3
habil,3
colocado,3
2º colocado,3
prosseguimento,3
convoc,3
reativação,3
ganhador,3
complementar,3
etapa fechada,3
iminente,3
senhores licitantes,3
boa noite,3
microtecnica,3
contra proposta,3
intenções,3
srs. fornecedores,3
industria,3
lavare,3
alterada,3
2(duas),3
prazo recursal,3
ganhadoras,3
adiamento,3
pelais,3
exequibilidade,3
kona,3
catalago,3
.com.br,3
retomando,3
documentaÇÃo,3
iniciar,3
documentação original,3
convoco as empresas,3
designada,3
suspenderemos,3
aberto,3
sr. licitante,3
convocados,3
pesenti,3
GPS,3
encerrarei,3
bids,3
protótipo,3
vixbot,3
fornecedor,3
vera,3
a g d,3
reabertura,3
convocadas,3
pregoeiro,3
vence,3
reformulada,3
planilha de custo,3
convoco a empresa,3
elite,3
semt,3
contrarazão,3
resposta,3
certificado,3
único,3
recusa,3
homolog,3
anvisa,3
gps,3
iniciando,3
autenticado,3
agrovet,3
@,3
penalizada,3
hora,3
totalparts,3
itens,3
em cumprimento à lei complementar 123 de 14/12/2006,3
AGPS,3
reduzir,3
empate,3
depauli,3
sanção,3
medical,3
autenticados,2
comercial,2
dutra e silva,2
inexequibilidade,2
atento,2
interposições,2
stor3,2
jeb.,2
diluka,2
eero,2
engebras,2
patamar,2
leitura de luz,2
convocar,2
d - tudo,2
acompanhar julgamento/habilitação/admissibilidade,2
retorno,2
beltis,2
digicrom,2
desclassifica,2
acompanhar,2
26.864.855.0001-54,2
abrir,2
randomico,2
revogação,2
gaskam,2
unit - ind,2
eletro,2
convoco,2
motivo,2
exp business - se,2
fracassado,2
nardini,2
unit ? ind,2
sinergia,2
lay out,2
pietrochinski,2
licite,2
conforme,2
clebia tomé de souza,2
licnes,2
microsens,2
campos,2
caso,2
material,2
itens,2
sessão pública aberta,2
axiom,2
grafica e editora al,2
malu,2
bakmar,2
notorio,2
solicito a todos os licitantes que tiveram proposta aceita,2
vip tour,2
casacriativa,2
mt comercial,2
aviso,2
rimale,2
envio de documentos de habilitação,2
baza,2
talentech,2
rivera moveis,2
13,2
echo,2
j. d. bezerra,2
paulo vinicius carneiro de sousa,2
ferreira,2
fase de lances,2
atena,2
independente da colocação,2
enviar proposta,2
hdpro,2
no prazo,2
rend brasil ltda,2
solumed,2
solicitamos o envio de lances,2
edineia,2
TK SERVICE,2
flash,2
almoço,2
senhor licitante,2
nobre,2
recursais,2
declarado vencedor,2
abertura de sessão,2
sinalização,2
anexar,2
fichas técnicas,2
abert,2
diligencia,2
preferência,2
dilig,2
lobato,2
adicionar,2
cnpj 35.236.131/0001-57. cnpj 22.014.876/0001-20,2
grupojam,2
34.396.22/0001-60,2
catalágo,2
planilhas,2
trama2,2
esb indÚstria,2
aberto prazo,2
s c& m comercial,2
galenica,2
sr. fornecedor,2
habilit,2
recurs,2
luminoza,2
prado construcoes,2
atuante,2
recorrer,2
engenharia,2
intenção de recursos,2
em mãos,2
scharlab,2
punição,2
bio solutio,2
service,2
tecno industrial,2
ofertado,2
escriblu,2
impugnaÇÃo,2
tavares e silva,2
registrar,2
voltaremos,2
randomica,2
jelp,2
pregão,2
mf frazao,2
triunfal,2
autenticados,2
bioline,2
consolidada,2
monteiro,2
mares,2
eletronica,2
evento,2
pequena,2
convid,2
link-system,2
etapa de lances,2
acompanhar,2
declarada,2
jaw,2
bfashion,2
melhores lances,2
milenio,2
ar condicionado,2
registro de intenção,2
cédulas,2
soncini,2
correio:endereço,2
ar de minas,2
fornecedor,2
retificado,2
receber,2
ml & hl,2
parecer,2
pregão,2
novo vencedor,2
declaraçoes,2
retomar,2
modelo,2
carlos,2
ismael ribeiro josÉ dantas,2
erroneamente,2
dopadri,2
beagá,2
72.594.393/0001-10,2
daremos início,2
novo toque industria e comercio,2
okey med,2
4d soluÇÃo tecnolÓgica ltda,2
impedida,2
evanete,2
art stilo,2
piramide,2
fragmentadora,2
acp comercio,2
eduardo,2
sedex,2
silvane,2
okey,2
sispack,2
alpha,2
catálogo,2
participação,2
contadora,2
iminÊncia,2
rede,2
ikaika,2
full broadcast,2
ganhadores,2
amostr,2
diniz.,2
reagendada,2
cek informÁtica,2
pefil,2
leitura de medidor,2
comercial gutierrez,2
renato,2
moedas,2
arte construcoes,2
candioto,2
dcb,2
gyn comercio de produtos em t.i eireli,2
args.,2
documentaÇÃo,2
nutriminas,2
txv co,2
comprovações,2
lh industria,2
correio,2
convocaÇÃo,2
patricia,2
tudo,2
intenÇÃo,2
empatada,2
luiz,2
aceitacao,2
contrarrazões,2
dupadri,2
baltazar,2
home planning,2
m santos,2
tablet,2
prime,2
ms confecÇÃo,2
arlindo,2
lh escovas,2
pausa,2
encerrado,2
arte,2
digitale,2
valfarma,2
suspendo,2
n. s. karydi,2
interposição de recurso,2
28.000.048/0001-19,2
mary carla,2
armando clima,2
dimensional,2
sessão,2
nossa senhora,2
ficha,2
fr medeiros,2
set computadores e serviços ltda,2
fiel com,2
.com,2
colocado do item,2
liga,2
tecnologia,2
leitura de água,2
movimento,2
17.891.484/0001-09,2
prorrogação,2
dg,2
SALUTE,2
ADRIANO,2
termino,2
proativa,2
bruno eduardo maciel de oliveira 06704332685,2
lote,2
representacoes,2
envio de proposta,2
trogon,2
cancelar,2
rocha inox ind e com de bebedouros ltda,2
desclassificada,2
hospcom,2
tremed,2
danro,2
fhb e,2
adjucado,2
capromed,2
rr comercio,2
atestado,2
moveis,2
ribeiro,2
senhor pregoeiro,2
sistema,2
reabert,2
esb industria,2
valor,2
belbi,2
foi informado o prazo,2
negoci,2
dental,2
store,2
pharma,2
allan,2
em até,2
adjundicado,2
matheus,2
trama 2,2
geovane,2
comprasnet,2
gilberto,2
audiceu,2
ajustada,2
layout,2
citso,2
exb,2
agrocomercial sandri ltda,2
karydi,2
taag,2
contratação de serviços de empresa especializada na prestação,2
04.752.792/0001-01,2
semper crio,2
intençao,2
elfort,2
vicente,2
indrel,2
retornaremos,2
esclarecimento,2
embalagens,2
desclassificaÇÃo,2
engiex engenharia,2
mc equipamentos hospitalares e servicos ltda,2
classificado,2
diluka power ltda,2
baracui,2
boni,2
anexo,2
pregoeira,2
inabilitado,2
diagnolab laboratorios eirelli,2
wplace,2
tecnolinea,2
dutos,2
dmh,2
opuspack,2
smart,2
folder,2
72.648.553/0001-66,2
a g d comercio,2
colocados,2
erimed,2
572.429/0001-28,2
medcom,2
julgamento,2
rr comércio,2
agiliza:,2
r.r comercio,2
declarado,2
representacoes,2
fisica,2
a g d comercio e distribuidora - eireli - me,2
atestado,2
lance fechado,2
negocia,2
documentação de habilitação,2
aceitação,2
316.374/0001-03,2
união sul,2
negocios on line comercio e servicos ltda,2
mecflux,2
intensão de recurso,2
colocad,2
de serviços de conservação,2
responder,2
reiniciar,2
extralimp,2
voltará,2
favarin,2
imediato,2
habilitado,2
readequar,2
documentação original impressa,2
marluvas,2
daitec,2
refrigeração,2
suspendemos,2
empresas classificadas em primeiro lugar,2
benmax,2
descrição,2
hospshop,2
responder,2
foi aberto,2
security barriers,2
enterprises,2
papelaria dimensional,2
dutra e silva,2
sj utilidades,2
duca,2
proposta reajustada,2
dar início,2
punir,2
kania,2
terceiro,2
cinco,2
você poderá enviar ou desistir,2
etapa,2
documentos originais,2
mrv,2
beiramar,2
sigma,2
prezados licitantes,2
via e-mail,2
fase,2
amanhã,2
quarto,2
participantes,2
solicito enviar,2
homologação,2
medlab,2
ms saÚde distribuidora de materiais hospitalares ltda-me,2
negociações,2
starvig vigilÂncia patrimonial ltda,2
kaique,2
convocarei,2
físicas,2
aguilar,2
castelo,2
seike,2
berlin,2
agaserv,2
reativada,2
elleve,2
hidrozon,2
estrela serviÇos de seguranÇa ltda,2
guarda bem,2
3439622000160,2
teste,2
proposta,2
documentacão,2
emmensa,2
sierdovski,2
nuttre,2
abnt,2
merco,2
adestack,2
correspondência,2
foi informado o prazo final,2
stilo,2
recurso,2
dia,2
fer-max ferramentas,2
bf ind,2
infinity,2
autenticadas,2
encerrados,2
contra-razões,2
fermax,2
ismael ribeiro,2
anexada,2
mffrazao,2
inabilitada,2
detentor,2
declarar vencedora,2
suspender,2
cópias,2
minutos,2
mayer,2
amostra para todos,2
conectada,2
azter solucoes ltda,2
chat,2
próxima,2
sisponto,2
de forma contínua,2
prospecto,2
daitec comercio e servicos ltda,2
biosul,2
limpeza e atividades auxiliares - prestação de serviço de mão de obra terceirizada - serviços administrativos,2
next,2
marte,2
amazonas,2
descartata,2
ms saÚde,2
zaqueu,2
registro de intenção,2
mct ribeiro,2
único,2
penalidade,2
unique,2
belch,2
danton gabriel simplicio de sales silva - me,2
kontato,2
para,2
plenna,2
atualizada documentaÇÃo de habilitaÇÃo,2
comercio.,2
agencia luminar,2
france,2
ortho,2
daremos inicio,2
dupadre,2
anexo aberto,2
medicamentos,2
solicit,2
41836567/0001-80,2
32.905.101/0001-06,2
a g d comercio e distribuidora,2
sampaio,2
samtyl,2
dilukapowerltda,2
autoclave,2
carla,2
mm lobato,2
primeiras,2
sponton,2
surgical,2
o envio da documentação de habilitação e proposta atualizada no prazo de 48 horas,2
compatibilidade,2
horario,2
brilhante,2
clean touch,2
art placas,2
habilitatórios,2
daisy,2
jairo,2
foto,2
suprema,2
sb clean distribuidora ltda - epp,2
luis,2
tecnoindustrial,2
acsgold,2
postagem,2
senior,2
mensag,2
estimado,2
multi,2
labware,2
comprovação,2
anulação,2
solicitante,1
Capital,1
rb comunicacao,1
diprom,1
ps distribuidora,1
polezani,1
profox,1
científica,1
inabilitaremos,1
equipamento de proteção individual,1
fisico,1
chrispim,1
als,1
jmar,1
rafael gustavo,1
renegociação,1
marka,1
alberfl,1
reabrimos,1
desabilitado,1
ls serv,1
applicare,1
desoneraÇÃo,1
alex,1
premium,1
gilmar,1
"
aleatório",1
toledo,1
caracol,1
tcatual,1
prorrog,1
fornecedor 690,1
pecini,1
inabili,1
desabilitada,1
data limite,1
recusad,1
forn. 338,1
escames,1
envio de lances,1
altamed,1
cimed,1
atendimento,1
desenpate,1
digiservi trading ltda - ME,1
emicencia,1
agricultura,1
correção,1
manua,1
cientifíca,1
nota fiscal,1
ideal print,1
senhores fornecedores,1
amazon medical,1
pro-medic,1
viana,1
48,1
não enviou anexo,1
certidão,1
jvbdistr,1
solici,1
impactual,1
elevem,1
convocação geral,1
desclassificação,1
brax,1
vencido,1
florestal,1
benassuly e silva,1
jcn comer,1
licitop,1
wesi,1
60,1
café,1
planejar distribuidora,1
gêneros alimentícios,1
c & c controle de ponto e acesso ltda,1
ellevo,1
flex fitness,1
logados,1
cnpj/cpf: 10.221.304/0001-32,1
escollar,1
empatado,1
referencia,1
cardioversor,1
revogada,1
encaminhe,1
globo,1
mbrfernandes,1
vitallis,1
autenticado,1
perito,1
7.271,1
vrprint,1
empresa vencedora,1
14.417.928/0001-79,1
próximas,1
santos,1
adjudic,1
dal maso,1
for0660,1
sepat,1
potenza,1
front,1
safetyepi,1
reymaster,1
aqueles licitantes que nÃo o fizerem nÃo serÃo habilitados,1
manzatos,1
artes gráfica formato ltda,1
pregoeiro entrou na sala,1
5 minutos,1
mark.leite.erimed,1
freese,1
s n a,1
espírito santo,1
jvb-distribuidora,1
todas as empresas,1
prazode2horas,1
fox,1
para manifestação de recurso,1
adjudicad,1
95.433.397/0001-11,1
fiscais,1
negocios,1
primeira colocada,1
foi aberta negociação,1
okay,1
vitalli,1
cadastrar,1
adiada,1
sisterpel,1
atentos,1
habiltitar,1
pimenta,1
andre,1
maria:,1
ec vargas,1
impugnar,1
documentos de habilitação,1
despachar,1
fracassada,1
elaine,1
js serviÇos de reboque e estacionamento ltda,1
eregold comercio de produtos de limpeza ltda,1
julgamentodas proposta,1
michaliszyn,1
pipeplast,1
ceve,1
recife,1
técnica,1
expert,1
prazo de 5min,1
latina,1
jair dos reis,1
licitantes vencedores,1
positiva:proposta,1
zoeweb,1
lobov,1
remarcação,1
reys indústria comércio e serviços eireli,1
bh farma,1
aleatório: sei,1
dieta,1
retenção,1
purificadores,1
lote 18,1
instalart,1
imbraserv,1
escoima,1
zelo,1
válvula,1
dias,1
j c s filho comercio de equipamentos industriais eireli,1
canto,1
data/horário encerramento da sessão pública,1
log 2,1
takeuchi materiais de construção,1
daten,1
rosineide,1
intenção recurso,1
consultoria.,1
habilitaÇÃo,1
lance microempresa,1
central,1
appa,1
antecedência,1
preview,1
impressos,1
elvi,1
imagem,1
COMLINES,1
celer,1
Q.O.L SOLUCOES CORPORATIVA EIRELI - ME,1
marinha,1
fiscal,1
ss industria,1
logado,1
iminência.,1
bmquality,1
situação,1
hospmed,1
master comércio de artigos esportivos e eletrônicos ltda.,1
digiplus,1
manual,1
aceitas,1
hstrattner,1
masterled,1
inseticida,1
item 4,1
barao,1
vias,1
braga,1
suspensao,1
diamed,1
michael brum mordini 03641130905,1
complementares,1
participante 028,1
okachi,1
nobre,1
cadastramento,1
sr. fornecedor egide - comercio de vestuario e eletrodomesticos ltda,1
macrosul,1
granpeÇas,1
s & k informÁtica ltda,1
f003056,1
nascimento,1
anexo:sncditribuidora,1
center,1
41.132.410/0001-73,1
marketing,1
registrodeintenção,1
panan,1
multiskills,1
fastlabor,1
compakto,1
endosurgical,1
cnpj:02.600.770/0001-09,1
3r construões e serviços,1
uniao sul,1
primeiro,1
skills,1
fase de direito de preferência,1
vetorscan,1
globalmente,1
josé,1
diligências,1
dg10,1
f017187,1
jorge luis alves passos,1
decares,1
prospectos,1
manumaq,1
reobote,1
a data limite,1
encaminhar proposta,1
dpi comercio,1
adeferr,1
exclusive,1
desempate:encerramento aleatorio,1
08.144.355,1
euro,1
lote 4,1
projeto arquitetônico,1
futura,1
tecno4,1
rodrigo,1
adiarei,1
eletro mais bebedouros,1
santana,1
adequada,1
mac med,1
next empreendimentos,1
cientifica,1
fornecedor desclassificado,1
barbosa,1
suspensas,1
enviar: contato,1
documentção,1
cplprefeituracajazeiras@gmail.com,1
valor,1
lado c,1
mais empenho empreendimentos eireli,1
técnicas,1
2fit,1
fragcenter,1
jorge,1
solida,1
d.p.i.,1
hos,1
ideale,1
existus comercial,1
não atende,1
escollar,1
dr comercio de materiais eletricos ltda - me,1
negociosonline,1
braga com,1
litoral,1
srs. licitantes,1
11.377.888/0001-71,1
agencia movimento,1
jrp representacoes,1
seara alimentos ltda,1
covocação,1
piloto,1
rdindustriaecomercio,1
exitus,1
zelo comercio,1
demonstra,1
a data limite de intenção de recursos foi definida pelo pregoeiro para,1
após isso entrará(ão) no encerramento aleatório,1
lifecor,1
informado,1
multifarma,1
dopadre,1
util,1
anexo:,1
Última,1
r d industria,1
labinbras,1
eletromais,1
carpes,1
luis gabriel isper eireli,1
etapa fechada foi reiniciada,1
carraro,1
pregoeir,1
coraÇÕes,1
renegociar,1
documentações,1
cnpj 35.473.398/0001-68,1
aguard,1
para a&r comercial,1
interrompendo,1
d p i,1
lobão,1
rsmi,1
licitao consultoria,1
tecno temp,1
dupatr.,1
multicraft,1
gandan,1
onix comercio de produtos odontologicos,1
tesouro dos azulejos,1
mÉrito,1
resposta,1
manisfestação,1
representante,1
são cateano,1
738.593/0001-04,1
3ª colocada,1
RVR,1
123,1
recurso. arrematantes,1
inabilitad,1
soluções,1
tÉcnico,1
solidez,1
hawk,1
nono,1
dilatação,1
buarque,1
27024068000167,1
bem10,1
digicrom analitica ltda,1
atende,1
drone air,1
folders,1
intermÉdio,1
sergio provim & cia ltda,1
idm soluções,1
informamos que será realizada nova sessão,1
limpeza,1
espaço digital,1
Rhino informatica,1
cone pp. conepp,1
light,1
começou a disputa do lote.,1
acai,1
resistor,1
anjomedi,1
@.fox,1
ganhadores,1
santo,1
adriano,1
máximo indústria,1
61,1
cfb,1
contrato social,1
digital distribuidora,1
10 minutos,1
dominio solucoes,1
nome,1
proposta original,1
14136133,1
mensagens excelencia,1
s s,1
demonstrativo,1
conectados,1
info2001,1
pinheiro,1
produtos,1
arproject,1
kopp,1
no-break,1
alcrisa,1
polar fix indústria e comércio de produtos hospitalares ltda,1
revestimentos,1
rosilene,1
convo,1
interromper,1
rastreio,1
elétrica,1
caravan,1
inteção de recursos,1
jugamento,1
sp security,1
eletronica iminência,1
todo,1
sistema de inertização de lodo,1
bloqueado,1
contraprosta,1
master sul,1
rra,1
proposta realinhada,1
mde,1
senhores licitantes,1
nova capital,1
excelencia,1
aberto o prazo para registro de intenção de recursos para os itens,1
21.883.166/0001-73,1
extreme,1
agropecuÁria boa safra,1
anexar proposta,1
p s distribuidora,1
abbra,1
nord,1
acompanhando,1
rei do varejo,1
skill-tec,1
maquet,1
linda,1
contra-proposta,1
Rhino,1
alscience engenharia e representacoes ltda,1
movimentos,1
publicidade,1
conectados,1
autenticada.cinecon,1
cnpj,1
plno urbano,1
erli,1
luciano de freitas pierin,1
PRAZO,1
jrmcar,1
contato,1
r b dos santos comercial eireli,1
conformefertado,1
mensagens snc,1
3º colocado,1
minas construções e restaurações,1
fisicos,1
acarve,1
solident,1
for0804,1
ideal comercio de genero alimenticio eireli,1
proponentes,1
cnpj/cpf: 30.695.994/0001-79,1
multiquadros,1
desclassific,1
resultado,1
recebido,1
arcongel,1
d&f comercio,1
bula,1
07.058.095/0001-56,1
avantti,1
software,1
nova aliança,1
referente,1
reabr,1
marlucia,1
chamada,1
es industria de confecÇÕes,1
dna comércio e representações,1
marcelo,1
licitantes:d m transportes limpeza:dm:dm: d m: menezes,1
22.778.636/0001-00,1
amostra:documentação,1
hps,1
produtos,1
5 minuto,1
retornar,1
automação e ferramentas,1
Master,1
monitoramento,1
impedid,1
dksa comercial ltda,1
j s pinheiro mendonca,1
vmlx,1
"ANEXO
PROPOSTA
DOCUMENTO
DOCUMENTOS
PROPOSTAS
DOCUMENTAÇÃO
DOCUMENTACAO
INTENCAO
INTENÇÃO
RECURSO
RECURSOS
CONTRA
RAZÃO
CONTRA-RAZÕES
CONTRA-RAZÃO
RAZÕES
RECUSADA
DESCLASSIFICADA
DESEMPATE
123
LAUDO
10.478.925/0001-04",1
gyn led,1
disputa fechada,1
finaliza editora,1
rsul,1
união sul,1
contrarazões,1
habilitção,1
labor comercial,1
darpex,1
segmo,1
11377888000171,1
ies comercial:i.e.s,1
licitantes,1
arte implantes,1
ribeiro,1
prazo de recurso,1
nm industria e suprimentos industriais ltda,1
declaraçao,1
camila cristina pereira bartolini,1
triube,1
impedimento,1
iniciando a sessão,1
mundifarma,1
celeridade,1
italo goes menezes eireli,1
damaris,1
germano,1
paisagis,1
sessÃo,1
prorroga,1
monaco,1
enceramento aleatório,1
datagov,1
capital da construção,1
ict,1
habilitar.,1
02.515.391/0003-74,1
sanções,1
22652,1
fusco,1
contra,1
esp santo,1
gastronomia,1
universo das bombas,1
fichastécnicas,1
eventos,1
conformidade,1
pneupam,1
absoluta saude,1
suspensa,1
lei complementar 123 de 14/12/2006,1
lei de uso e ocupacao do solo,1
.l.r,1
34.983.860/0001-04:36.226.403/0001-09,1
provac,1
ar project,1
comprovacões,1
emails:recurso,1
valtec suprimentos de informatica eireli,1
constantino,1
styllus,1
primeiro colocado,1
biovalic,1
reabrir,1
adjudicar,1
inabilitad,1
plasticos v.p,1
1º lugar,1
mullet,1
cruzeiro prestaÇÃo de serviÇos grÁficos eireli,1
pregão eletrônico foi encerrado com sucesso. justificativa,1
construtora são bento,1
nortemed,1
randômico,1
anexo documentos,1
amostras.,1
f003123,1
médico,1
enviar amostras,1
edita,1
recurso interposto,1
cota reserva,1
camila,1
droga rocha,1
fariarodrigues,1
croma,1
dilação de prazo,1
232,1
croma equipamentos com e serv ltda,1
lincoln fernando,1
esfera prestaÇÃo de serviÇos e comÉrcio ltda,1
acesso card,1
tres leoes,1
habilitar mensagens,1
224,1
opus,1
eremaster,1
intenç,1
convidad,1
kalenborn,1
j c s filho,1
cumprimento,1
detentor(es) da(s) melhor(es) oferta(s),1
sr(s),1
proposta vencedora,1
ajudicdo,1
f006014,1
vincula,1
classifico,1
aberto o prazo,1
prati,1
metropolis,1
magno,1
solicitamos,1
sistema,1
cone pp,1
universo dos móveis,1
rb comunicação visual,1
07.742.885/0001-43,1
vida nova,1
mario sergio caslini construtora me,1
vencimento,1
teuto,1
rofemax,1
sinai,1
callmed,1
solucoes,1
flavia marques mayrinck,1
exsto,1
luz led,1
nextmedical,1
nmtech,1
respondido,1
aristocrata,1
achei,1
originais: recursos,1
jeferson adriano da silva,1
finame,1
13.524.344/0001-41,1
oeste baterias,1
macro,1
Campos,1
declaro reaberta a sessão,1
eco plast,1
noeli,1
1ª colocada,1
samyras,1
alexandre,1
almix,1
credpharma,1
etapa fechada,1
senhor fornecedor,1
aaz.,1
1ºlugar,1
simultaneamente,1
marlene ramos de moura maia,1
elvedosa,1
preview,1
anexo:desempate,1
newmed,1
10.762,1
mea modul,1
rozera,1
desbloqueado,1
hanisch,1
quartz,1
propaganda,1
desclassific,1
jp engenharia,1
proximo,1
click,1
hc alecrim,1
14.136.133,1
tcafarma,1
agrovet,1
sociedade mineira de terapia,1
pharmagas,1
apresentou,1
serval,1
mariza,1
saraiva,1
operação urbana,1
manifestação,1
prologando,1
capell,1
madetres,1
safe suporte a vida e comercio internacional ltda,1
declaracoes,1
bio-scan,1
administracao,1
distripol,1
comprovaçãodeexequeibilidade,1
31.552.106/0001-21,1
item,1
RVR COMERCIAL,1
as distribuidora da,1
continuada,1
dc heart,1
tita agencia,1
2022,1
l. r. comercio,1
aceite,1
bomdia,1
solumed,1
fullbless,1
exb eventos,1
susaki,1
go vendas,1
merito,1
parecer,1
prime comercio,1
impÉrio,1
boston,1
forn. 690,1
edimar dos santos,1
habilitação,1
d. m,1
Águia,1
promoções,1
f00,1
e mail,1
profit,1
ortomed,1
universos,1
esclarecimentos,1
foi reativado,1
senhor fornecedor,1
reabertos,1
ctf/,1
srs.,1
shirlei,1
continuarei,1
posição,1
clebia tome de souza,1
homologada,1
dupatri,1
27.232.288/0001-86,1
foi solicitada a proposta,1
ana carolina santos,1
DESCLASSIFICACAO,1
solicita,1
solicitamos as empresas classificadas em primeiro lugar onix comercio de produtos odontologicos eireli,1
manometro,1
pregoantes,1
pneu pam,1
ares,1
zero5,1
item 1,1
declarar,1
acf construções,1
arremat,1
salvador ribeiro,1
t.c.a,1
médicos,1
kps comercio de alimentos ltda,1
innove,1
amiggo,1
carbogel,1
aceitando,1
for,1
tecnoli,1
solus comercio e servicos eireli,1
29,1
fórmulas,1
farma,1
barao de cotegipe,1
13.440.815.0001/33,1
bom dia a todos,1
atenção: encerramento iminente,1
esgoto,1
urgen,1
licitantes detentoras do melhor lance,1
construção,1
simultÂnea,1
mment,1
wiener,1
digital distribuidora,1
icolou,1
barbosa,1
penalizad,1
espirito santo distribuidora,1
235,1
dal maso,1
condor,1
f000159,1
3ª,1
fabrica,1
ls refrigeração,1
oppportunity,1
estilo glass,1
agro-vale muriae maquinas agricolas eireli,1
stericontrol,1
videoconferencia,1
absoluta,1
reaberto,1
andre marques,1
preferencial,1
ficha tecnica,1
hdx comercial eireli - me,1
fazenda,1
acf construções e distribuidora ltda.,1
minas,1
icdesousa,1
comprovaÇÃo da exequibilidade,1
sicaf,1
achei mÓveis,1
anexo emporio  eminência,1
31.151.224/0001-28,1
rbmf,1
port,1
previsão,1
fornecedora,1
empório,1
peniel,1
jlnardini,1
litoralmed,1
dilukapower,1
classific,1
encerr,1
termotecnica,1
Deise Cardoso Gondim Carvalho EPP,1
victor,1
ivf brasil,1
l f c brandao,1
projeto de arquitetura,1
aleátorio,1
mr licitacoes ltda,1
pedido,1
epinet,1
lance,1
hosptec,1
fornaz,1
tesouro dos azulejos suprimentos,1
todos licitante,1
s n c distribuidora,1
27232288000186,1
recesso,1
biotech,1
hortifruti amaral,1
casa,1
olivitto,1
l.r. comercio de suprimentos ltda,1
8.184,1
material eletrico hidraulico,1
composição de custo,1
retornar,1
24.183.988/0001-30,1
rw medical,1
digimolde,1
krima,1
desclassificados,1
g.b.,1
anuncio,1
vencedora,1
kotta,1
ficha tec,1
quinto,1
loa railway,1
decisão,1
lote 56,1
eleven,1
inabilit,1
cruz,1
útil,1
ibituruna,1
planilhadecusto,1
n3 comércio,1
poderá enviar um lance único e fechado,1
santim,1
"
documentação",1
sigmafone,1
cinecon,1
toall comercio e servicos ltda.,1
razões,1
envio de documentaÇÃp,1
17,1
stock,1
bom dia,1
iceberg distribuidora,1
aquecedores,1
comlines,1
srs. fornecedores,1
vídeo mais,1
empatadas,1
atentar,1
cadastro reserva,1
distribuidora,1
toro,1
os licitantes classificados em 1° lugar,1
grupojam,1
j.bio,1
FVASSIS,1
belcha,1
c.b.s,1
marluce bezerra dos santos lorençone,1
medical suture,1
declarações,1
avision,1
ravi,1
cnpj/cpf: 92823764000103,1
minuta,1
f002956,1
torres,1
iv centenario,1
dominio,1
una comunicaÇÃo,1
rb comunicacao visual eirelli,1
desclassificad,1
codigo,1
DIGISERVI TRADING LTDA,1
ambp,1
robo,1
primeira,1
envio proposta,1
l. r.,1
H V Pontes,1
beck,1
nelprint,1
terceiro,1
empresas classificadas em primeiro lugar convocamos todas,1
connect,1
cecilia,1
congen,1
habilitas,1
" 68.337.658/0001-27
",1
limp desc,1
objetiva,1
rc comercio de ferramentas,1
melhor,1
m&a motos,1
autenticada .cinecon propostas proposta @ prazo final para registro de intenção de recurso,1
c moura,1
macmed,1
fenergy,1
JOSÉ GERALDO DAINESI-EPP,1
fracassou,1
notificação,1
comlider,1
a primeira etapa fechada foi iniciada para,1
31.422.703/0001-31,1
saito,1
limite,1
motores,1
fornecedor(es),1
mauro,1
cnpj,1
r. c. diego de souza e de paula ltda,1
16.826.856/0001-50,1
tonelotto,1
homologaÇÃo,1
auratec,1
fertilizante,1
realinhadas,1
santa fé distribuidora ltda,1
senhores,1
empresas vencedoras,1
contra razão,1
sessão pública suspensa,1
rdc 483,1
prisma comércio varejista e atacadista eireli,1
VENCEDOR,1
mineira,1
questionamento,1
rr vision,1
intenção de recurso,1
expediente,1
claudio,1
bax company,1
46,1
jung,1
f f n,1
median,1
36.190.482/0001-36,1
estudos,1
regional comercio,1
martins,1
registrar intenção de recurso,1
inova,1
roupa,1
melhor oferta,1
21/07/2021,1
31151224000128,1
maria,1
sr. licitantes,1
b.c.cardoso lima brindes,1
marilaine,1
nm tech,1
fica,1
125,1
totus pisos e azulejos,1
14417928000179,1
encaminhado,1
projeto basico,1
pode dar um lance de desempate pela lc 123/2006,1
ganhador,1
inexequível,1
alteracao,1
egide - comercio de vestuario e eletrodomesticos ltda,1
amostra,1
athenafarma,1
lasdobrasil,1
militar pro comercio eireli,1
está marcada,1
documentacao,1
ellevem,1
projeto urbano,1
century,1
joao saraiva junior 30515015814,1
laudo,1
cordeiro,1
13104805,1
friovix,1
forna,1
ideias,1
testes,1
conquista,1
melhores,1
impressa,1
e-,1
projeto básico,1
boa tarde a todos,1
conama,1
taraczuk,1
rosado,1
envio de documentos,1
classificadas,1
autenticada,1
sétimo,1
talitha,1
120195,1
cerealista,1
mark,1
tech brasil,1
homologaÇÃo,1
bom final,1
junta,1
hinabilitada,1
elo,1
ma engenharia,1
use,1
force line,1
evolux,1
aviso de iminência,1
retornar a disputa,1
adjudicar,1
shirley,1
evalt,1
uniformizar,1
notificações,1
v&m informÁtica ltda,1
soares,1
jc reboke,1
deterlimp produtos automotivos ltda valter oliveira da silva comercio de maquinas,1
segurança,1
superamed,1
mídia,1
37.434.968,1
empresas,1
costa sul,1
tc atual,1
tarde,1
impugnação petros petros 17.481.143/0001-65 pedros pedros,1
lote 14,1
holanda papelaria,1
sessão pública encerrada,1
ajudicado,1
uanderson candido rosa,1
w. a dos santos riveira comercio e servicos,1
f.f.n.,1
luciano nogueira ferreira,1
exequi,1
rosana,1
foi informado o prazo final para registro de intenção de recursos onix comercio de produtos odontologicos eireli,1
for0295,1
house,1
artpromo,1
manifetação,1
sr. fornecedor dirceu longo & cia ltda - epp,1
catálogo: lance,1
3 dias,1
interlabel,1
inabilitada no processo,1
peneira rotativa,1
M&M,1
KR Industria e Comércio de Móveis,1
luminar,1
gandan,1
pregoante,1
pró-vida,1
suzane f de souza castro-me,1
j c n,1
amino,1
comercio de maquinas erechim ltda,1
us price,1
inabiliatada,1
sr. licitante,1
for0716,1
realizou,1
igm comercio,1
laudos,1
21.638.856/0001-67 larissa aquino de medeiros - me,1
executou,1
toda,1
daiane da silva maas-me,1
new solutions,1
enviados,1
benefício,1
matec av importacao,1
miguel,1
abaixo,1
luiz fernando cunha grenier,1
boatarde,1
start up,1
jb imports,1
vencedores,1
iara,1
hosp shop,1
pratica,1
elaboraÇÃo da ata,1
safety,1
jlx indústria,1
mbp,1
águia,1
tÉcnica,1
senhor  está,1
del pama,1
ilkmed.,1
envio de proposta atualizada,1
Mauricio franco pacheco,1
wendler,1
27232288000186,1
mepros embalagens,1
no prazo estabelecido,1
core,1
16.938521/0001-24,1
elfa.,1
manifold,1
republicado,1
recusad,1
bombas de arquimedes,1
s.nolli,1
homologar,1
line,1
43.731.740,1
quark,1
m felipe,1
barÃo de cotegipe,1
steri,1
tabela,1
proxim,1
exata,1
tres,1
DESCLASSIFICADO,1
aumentodeprazo,1
expirando,1
hd supri,1
anexou,1
minuto,1
ind com colchÕes,1
pms saude,1
plásticos,1
todos os fornecedores,1
r & r equipamentos,1
r v ferreira rocha - me,1
sociedade mineira,1
22.966.860,1
suspens,1
cnpj 10.221.304/0001-32,1
for0395,1
manifestação de recurso,1
manifestar,1
decimais,1
leticia,1
fornecedores,1
melhores,1
uniformizar,1
21883166000173,1
envio,1
senhor,1
lunardi,1
impugnação,1
detentor,1
saga,1
emj,1
vencida,1
base,1
engenharia,1
desempates,1
INTERPOR,1
negociando,1
classifico,1
sob medida,1
fôlder,1
adjudi,1
mônaco,1
trÊs coraÇÕes,1
formulas,1
office do brasil,1
seal,1
josiel aparecido cardoso 08360882983,1
sigma six,1
microtécnica,1
hospitalares,1
consulab - distribuidora de produtos laboratoriais,1
macro comercial,1
raphael,1
lote 08,1
ecoquality,1
catarine,1
plataformas,1
projeto executivo,1
maria lucia malletta vilhena,1
Comlines,1
lvm,1
tatsuo,1
muck,1
gran peças,1
teczap,1
cristiane,1
iminencia,1
sanko,1
ibama,1
remarcando,1
anexo-proposta,1
menor valor,1
g17,1
oitavo,1
foi informado o prazo final para registro de intenção de recursos: originais,1
ludmila aparecida,1
desempat,1
docs,1
QUELE LOPES DE OLIVEIRA - ME,1
plano diretor,1
reis comercio atacadista,1
encerrou,1
agropecuaria boa safra ltda,1
envio documentos: documentação,1
262/2021,1
godoi,1
beaga,1
torre forte,1
intermedio,1
bhfarma,1
osteofix,1
INSTRUTEMP,1
isaltec,1
recurso portal portal ltda,1
mastersul,1
aceitabilidade do preço encerrada e habilitação iniciada,1
insmart,1
poc,1
instrulabor,1
servcomp,1
seletti,1
d.w.l.,1
dinaci,1
safe,1
contrarrazao,1
edytudo,1
suspensão.reaberto,1
cleanup,1
enviou recurso,1
cada item,1
potensa,1
classificados em primeiro lugar,1
pro saude,1
lance final,1
proponente 1,1
algum,1
mercantil,1
medtronic,1
industria e comercio colch,1
comercial de bombas e motores,1
automação  e ferramentas,1
pregoeira,1
todos os documentos,1
ítem 97,1
hc,1
atualizados,1
athena,1
projeto legal,1
brasfort,1
"
intenção",1
semper,1
fechada foi iniciada,1
folhetos,1
taciel da silva santos,1
encaminhando,1
bruno de oliveira teixeira 05800593167,1
zuck,1
atax,1
documento 5 dias,1
reabre,1
marques,1
people,1
medic,1
fechado.desempate,1
enviada,1
sessão do chat aberta,1
documentaÇÃo.,1
segurança do trabalho,1
uanderson candido,1
f010790,1
zoneamento,1
vedação,1
millenium serv,1
ps,1
gerenciamento de marketing,1
ativa serviços,1
minuta,1
cristina,1
retomamos,1
223,1
vermat,1
01.769.241/0001-62,1
biomedica equipamentos e suprimentos hospitalares ltda,1
skill,1
finamizável,1
acw service,1
proposta final,1
s a silva,1
documentos,1
adjudicado:intenção,1
83,1
m.c. informatica ltda - me,1
posteriormente,1
pré tratamento de esgoto e efluentes,1
esfera prestacao de servicos e comercio ltda,1
point med,1
documentos de habilitaÇÃo,1
sentinela,1
serviço,1
primeiros,1
ventcare,1
paraiso das bombas,1
minência,1
eurol,1
reabro,1
operacao urbana,1
eletronico,1
recurso remetidos em original,1
lpsj,1
f013195,1
prazos,1
cidade,1
e2 importaÇÃo,1
reinicio,1
planilha de composição,1
retorno,1
braslav,1
registro de intenção de recursos,1
weverton,1
retificação,1
sumatex,1
leite,1
equipe,1
reativado,1
energia,1
aberta a sessão,1
solicito envio,1
markas,1
acf construÇÕes,1
publichop,1
labimbraz,1
ch3 comercio de produtos medicos hospitalares unipessoal ltda,1
maxi ar,1
magazine tufick,1
desclassificar,1
aprovado,1
faria,1
projetor,1
14.783,1
office empresa de terceirizacao,1
elite,1
disputa,1
angular,1
cadin,1
29.704.594.0001/01,1
desistir,1
amostra snc ditribuidora,1
negociado,1
este pregão foi reagendado,1
iminêcia,1
cobrir,1
f. f. n.,1
em disputa,1
gaveta,1
salvioli,1
rva bras,1
pontamed,1
nova,1
for0503,1
@,1
diplomata,1
prazo:documentos:convocados:arrematante:horas:anexar,1
tr distr,1
macrosul,1
luzled,1
2621,1
enviar um lance único e fechado,1
aberta,1
246,1
ailton,1
herval,1
biocientífica,1
MEDITRONIC,1
connectgov,1
noite,1
cedro,1
elfi,1
acr medcal,1
for0185,1
mileum,1
22 652,1
projeto urbanistico,1
eletro mais bebedouros eireli,1
cristalia,1
33.104.177/0001-97,1
prototipo,1
luana taraczuk michaliszyn,1
obra,1
negociacao,1
forneced,1
aleatoria,1
f010870,1
Sigma-Aldrich,1
suplemento,1
não enviou proposta,1
desclassif,1
cleide,1
intensao,1
intencão,1
fisicas,1
27.232.288/0001-86,1
composições,1
mea moto,1
prazo final para registro,1
defrance,1
diligência:diligências,1
richard,1
remarcado,1
fsm sistemas,1
termotécnica,1
lca comercio,1
22.652,1
splice,1
acompanhamento,1
duprati,1
servimat,1
distribuidora de pescados,1
suprimentos,1
30.359.598/0001-70,1
cnpj/cpf: 12396639000117,1
brasclean,1
aviso de iminência,1
envie,1
rioquímica,1
rhino,1
realizar habilitação,1
respondendo,1
3641130905,1
conformeedital,1
aguardando disputa fechada,1
alphapro,1
alinhada,1
termot,1
works,1
ch3 comercio e negocios ltda,1
envio de anexo,1
enviem,1
lilian,1
marana,1
máximo,1
dcheart,1
hobeika,1
recusado,1
camarote,1
rb comunicação,1
acompanhamento,1
v & m informÁtica ltda,1
negociação. fast,1
leandro,1
coracoes,1
primeiro lugar,1
adiando,1
realizando,1
bf ind e com. equip. para cozinha ind.ltda - epp,1
prosperar,1
american medical,1
invictus,1
milenium,1
encerramento aleatório,1
biomedical,1
lanix,1
m d f,1
logidata solucoes eireli,1
29.449.247/0001-71,1
item 26,1
firstlab,1
silo para cal,1
desfibrilador,1
21883166/0001-73,1
dos santos filho,1
j. w. izipato da silva - eireli,1
união nutricional,1
intençao de recurso,1
60.751.,1
e.mail,1
santa,1
danilo,1
parmagnani,1
fisic,1
riobahiafarma,1
notasfiscais,1
referência,1
j2 comércio,1
soft tecnologia,1
macrosu,1
lei de uso e ocupação do solo,1
impacto,1
licença,1
santos junior engenharia ltda,1
composicoes,1
medfutura,1
charles,1
04.548.553/0001-34,1
homolo,1
o tempo normal de disputa do lote foi encerrado.,1
remetidos em original,1
05 minutos,1
48/2021,1
sanç,1
rb comuni,1
nova medica,1
termo,1
seap,1
possui direito de desempate,1
eliandro,1
goled,1
sj co,1
snolli,1
tucana,1
o pregoeiro habilitou a documentação,1
dmb hipertec. marka arquitetura,1
licitÃo,1
aguardando reativaÇÃo do pregÃo,1
35.753.111/0001-53,1
mb dist,1
união sul comercial,1
sc,1
boing,1
está conectado,1
engenhar,1
célio,1
prazo de intenção de recurso,1
integralsat,1
anexo:life metrologia,1
originais.,1
adjudicados,1
detentores,1
primer,1
cienlab,1
enviem a documentação,1
sc,1
soberana service,1
almoço,1
malletta vilhena,1
até amanhã,1
soberana service higienizaÇÃo,1
proposta  atualizada,1
pendente de adjudicação,1
adjudicada,1
espírito santo distribuidora,1
expirar,1
technav,1
roseneide,1
impressas,1
digital distribuidora de suprimentos para informatica,1
herbicida,1
cenut,1
2h,1
af empreendimentos,1
atenapharma,1
elias,1
strattner,1
lidyfarma comercio de produtos farmaceuticos,1
utilize,1
makeline,1
lifekron,1
nobre distribuidora,1
geracao,1
MILANI,1
sankonfort,1
for0769,1
for0496,1
logada,1
borboleta,1
brasfitnes,1
licitan,1
inicio,1
lucas andrade de oliveira 11966438656,1
atenção: encerramento iminente da fase inicial de lances.,1
vencido,1
menezes,1
recurso: fornecedor,1
licitão,1
govendas,1
casa,1
intençãoderecurso,1
acima,1
nova biomedical,1
ch3 comercio de produtos medicos hospitalares unipessoa,1
vener,1
está autorizado a enviar a proposta readequada,1
fax: recursos,1
carvalho,1
participaram,1
robô,1
mb,1
iguacu,1
declarar,1
83122001349,1
suspendendo,1
consuelo soares da mata,1
elisvandia,1
grecco,1
gradeamento de esgoto,1
sauba,1
gasparini,1
planilhias,1
49,1
vitoria,1
reabertas,1
i.e.s,1
conocaÇÃo,1
tec det,1
gervasio,1
37.697.062/0001-04,1
cvftv,1
inlabel,1
mservice,1
y m de,1
convocação,1
aglo,1
elemento tatil,1
a etapa fechada foi reiniciada,1
espírito,1
diagnostica,1
remarcado,1
cnpj/cpf: 22.865.897/0001-59,1
STYLE,1
pausado,1
mão de obra,1
anatomic comercio e assistencia tecnica de equipamentos,1
emgesa,1
impresso,1
anjomedi distribuidora de medicamentos,1
processo de apuração,1
hospitalar,1
patricia,1
republicação,1
michell,1
a etapa fechada foi reiniciada para o item,1
bff company:aberto:fechado,1
evalt,1
mostra,1
p m s saude,1
lance único,1
viva7,1
adrianaceve,1
licitÃo,1
safe suporte,1
hoje,1
jorge luiz,1
vigibras,1
vitalabe,1
declaro iniciada a fase de lances,1
grafica iguacu ltda,1
telefone,1
anexo referente,1
processo,1
m med,1
projeto arquitetonico,1
imin,1
2 fit,1
: er: valor: preço,1
dt office,1
envi,1
kz alimentos,1
atualizada,1
supra services comercios de eletrônicos eireli,1
cirurgica patrocinio,1
for904,1
life,1
proteção individual,1
fornecedor 239,1
forn. 239,1
sertao: via tecnica,1
comprando mais,1
f006167,1
d h r,1
bruno,1
desampate,1
maximus,1
contemix,1
terceirize,1
cruzeiro,1
rt comércio,1
anexo*,1
giro ar,1
papel cartaz,1
lupe,1
elisvandia,1
m6 comÉrcio de tintas,1
tecido,1
fator,1
data/horário abertura da sessão pública,1
classificados,1
inlabel,1
prova,1
solicitados,1
fr2 comercial eireli,1
jvb,1
reduzindo,1
royal atacadista,1
habilitaçao,1
f006268,1
star,1
sibéria,1
cmde:envio,1
desclassifica,1
candioto conservadora,1
totus,1
item 30,1
entregue,1
array,1
reativação prevista,1
iceberg,1
atualizar,1
j.c.p.,1
item 97,1
j r c,1
lm serviços,1
abrimos,1
magibe,1
siltronics dcl,1
elevador,1
ths tecnologia informacao e comunicacao life tecnologia e consultoria,1
aderir,1
estrutural glazing,1
smartcomp electric,1
alfa,1
cinco minutos,1
centenario,1
aceitos,1
declarada vencedora,1
b2b teste e,1
adjudicacao,1
decisão do pregoeiro,1
jrp representacoes comercio e servicos eireli,1
notas,1
agendado,1
arrematantes,1
anúncio,1
vera lúcia,1
prazos,1
rafael,1
sessão reabertura,1
item°,1
remessa,1
vistoria,1
mdf.tca,1
g2 produtos,1
maria consuelo soares da mata,1
endolife laboratorios de analise clinica e servicos de,1
2ª colocada,1
correi,1
papelaria papel cartaz ltda,1
g. w. e,1
desclassifico,1
admissiblidade,1
penalida,1
livecartuchos,1
reajustadas,1
dezordi,1
despach,1
distribuidora,1
11,1
retech,1
tecno2,1
suspensÃo,1
ar-condicionado de precisão. infra-estrutura: sistema de energia,1
estabilizador,1
aumento,1
elétricos,1
copaíba,1
bulas,1
tr distrib,1
licitao,1
wanderson dos santos gomes,1
empreendimentos,1
fução,1
onix comercio de produtos odontologicos eireli,1
sln,1
convocaremos,1
de lances,1
srs. licitantes,1
agrotóxicos,1
anexo.encerramento aleatório,1
eba,1
primavera,1
ADRIANA SANTOS DA SILVA COMÉRCIO E SERVIÇOS - ME,1
toplight,1
RECURSO,1
piso tatil,1
338515670001-20,1
1º colocado,1
fase,1
proponentes,1
autênticadas,1
desemp,1
vvr,1
28.360.435/0001-66,1
reducao,1
rc ramos,1
bios,1
daremos,1
183,1
l g furtado,1
rbs const,1
bh comércio,1
l.r.,1
próximos,1
paulo cesar,1
contrapropsta,1
desclass,1
123/2006,1
wr equipamentos,1
frmedeiros,1
gynled,1
solicitação,1
negócios on line,1
marlúcia,1
egs comercio,1
renascer,1
iminencia,1
informamos,1
pimentel,1
boa tarde iminência,1
prover,1
Madeira,1
danfessi,1
fomento,1
2º lugar,1
criativa industria,1
encontra-se,1
thermodin,1
laborlab,1
aleatorio,1
rastreamento,1
elfe,1
cpdtech,1
vida,1
hiromed,1
manifestaÇÃo de recursos,1
paulo padilha,1
ghs artex,1
flexfo,1
tecnotemp,1
jl representações,1
comertxv,1
readequada.,1
reagendado,1
rodney,1
comprovar,1
intençao de recurso,1
pinova,1
hospitrônica,1
proposta ajustada,1
new medica,1
situação da licitação: homologada,1
inove,1
imperium,1
RECURSO,1
OFFICE DO BRASIL,1
digifort,1
pabx,1
br comercio de veículos,1
ancor,1
lion,1
duprat,1
total synergy,1
recycleware,1
fase recursal,1
31.795.286/0002-72,1
rva comer,1
ss industria,1
magistrais,1
item 00,1
anisa,1
capelli,1
pontamed farmaceutica,1
readequadas,1
gfs,1
karilaine,1
radiodifusao,1
ricci,1
desclassif,1
for0685,1
novita,1
analise,1
boa noite,1
lote19,1
r v ferreira rocha,1
d.d.s comercio,1
encaminhamento,1
areia,1
declaraÇÃo,1
jeb comercio,1
r.gonçalves,1
aprovada,1
e-mai,1
inoxline,1
jebcomercio,1
medic life,1
champagnat,1
kps calux comercio e servicos,1
hosp laver,1
cnpj/cpf: 02309765000133,1
coordenador,1
erefarma,1
compõem,1
for0755,1
delpama,1
plano urbanistico,1
object,1
247,1
tarcal,1
desistência,1
negociaÇÃo,1
17.320.313/0001-20,1
josiane,1
08.934.225/0001-27,1
prazos.,1
apece,1
projeto urbanístico,1
declaracao,1
contra razões,1
convocando,1
31.795286/0001-72,1
labimbras,1
não atendeu,1
lici top,1
hanbil,1
espirito,1
12,1
ajudicada,1
engepolo,1
artcs,1
on-line,1
iminência,1
cfbmedical,1
dentalcremer,1
1 lugar,1
3896119052,1
lote 5,1
mega,1
adriana,1
cotegipe-barao-de-cotegipe,1
pro saúde,1
orbenk,1
star comercio,1
cinco minuto,1
eletrica,1
mmlobato,1
perin,1
nacional,1
center móveis,1
ydrolar,1
jucelino,1
tidimar,1
engenhar comercial,1
expansão,1
menor lance,1
mediclife,1
natal,1
exitusmed,1
licitação,1
i c de sousa,1
reagendarei,1
prazo final para registro de intenção de recursos,1
engeminas,1
M&M envio anexo todos,1
lojÃo do mecanico,1
tambor rotativo,1
m. gimenez santos lima cartoes,1
autenticação,1
carolina kozar dos santos 11610141954,1
sjcomer,1
restabelec,1
CNPJ/CPF: 12.384.280/0001-68,1
item 29,1
mercúrio,1
declaração,1
prime,1
a fase de lances será aberta,1
prisma comércio varejista e atacadista eireli - epp,1
retornará,1
thomas,1
manutenção: locação,1
force line,1
reprovada,1
vencedo,1
primerlab,1
techbrasil,1
poderá enviar ou desistir de apresentar,1
autenticada.cinecon proposta,1
desconto,1
vencida,1
rodney danilo,1
strafer,1
contra-razÃo,1
dksa,1
esportemultpesca,1
luminox,1
negócios,1
para os itens,1
aleatório,1
sim saude,1
comercio,1
fibratex,1
bombas submersíveis,1
metalic medical,1
mayara,1
protecao contra incendio rival do fogo,1
wiliam,1
criarte,1
ati,1
uanderson candido rosa 02902334613,1
tc copiadoras,1
sessão aberta para o envio de intenção de recurso motivada,1
hr,1
l.r.  comércio de epis ltda,1
fascínio,1
sisnac,1
cliever,1
papel a4,1
manutenção,1
dias úteis,1
qualificação térmica,1
homologados,1
clna7,1
hospitalares,1
hycomed,1
prisma,1
digiserv,1
lah eventos,1
está aberto o prazo para registro de intenção de recursos,1
kazzo confecÇÕes,1
aceitar,1
declarações,1
peneira rotativa,1
romaze,1
francar,1
n.c. do rego,1
f005854,1
encerrar,1
mais saude,1
bohrer,1
40,1
catálago,1
mm net,1
mendes,1
05.902.583/0001-23,1
calu,1
bonanza,1
airton galvÃo penko-me,1
autom,1
igm,1
bebtec,1
totalfarma,1
peliserv,1
eletricos,1
greenhouse,1
documentos anexo,1
sogamax,1
mensagens iminência,1
clean,1
randomico,1
protót,1
superarmed,1
empresariais,1
f0,1
formis,1
10.585.532/0001-9,1
compact,1
amaral,1
publitek,1
Fernando,1
valex,1
está aberto o prazo de envio da documentação para,1
miranda,1
merck,1
fornazari,1
inserir,1
protot,1
ideal,1
labtek,1
prezado,1
bhfarma,1
item 000,1
limpeza conservação obras engenharia consumo alimentos,1
declaraç,1
anexo:efata,1
mauber,1
ajudicar,1
medk,1
sambart,1
394/2020,1
hungaro,1
24,1
registro anvisa,1
amostra:,1
reagendando,1
melhor proposta,1
solotest,1
melhor proposta,1
cl,1
atlantica,1
daremos,1
vitec tecnologia em produtos audiovisuais,1
orbenk,1
habilitaÇÃo,1
majela,1
10 min,1
casa e bar nordeste,1
sexto,1
steri-grau,1
mordini,1
Digiservi Trading Ltda,1
fasedeanalisede proposta,1
puhl,1
contemplados,1
cancelamento,1
minas med,1
hydroluz,1
conforme previsto no edital,1
ind com,1
comprovacoes,1
cdm,1
código,1
tópico,1
fastlabor,1
aberta sessão,1
A. P. CORREA - ME,1
padrão,1
enge minas,1
desclasssifi,1
primeiros,1
disposto,1
consultoria,1
maxxi,1
calibração,1
hs com,1
exp business,1
d p i comércio,1
prazo para envio da documentação,1
geração,1
carbonari e mattia ltda,1
medicamento,1
de,1
multilink,1
atenção,1
mmed,1
horas. catálogos original,1
aceitacao,1
bellsub,1
plano urbanístico,1
agendada,1
cnpj/cpf: 08.675.394/0001-90,1
não enviou documento,1
pesenti e pelais,1
f005988,1
guial,1
j b de paula pessoa junior,1
siemsen,1
negócioonline,1
damares,1
adjudicaçãp,1
arca,1
conceito,1
israel,1
pista,1
33104177000197,1
licitante 02,1
zafra,1
habilitacao,1
nayr,1
draeger,1
jebcomerico,1
amostra para todos,1
formecedor,1
sosabor,1
negociacao,1
enviado,1
sim saÚde,1
retomado,1
zaqueu,1
for0336,1
entropia,1
suspendendo,1
elroi,1
a etapa fechada,1
abalimp serviÇos,1
63.310.411/0001-01,1
kasvi,1
ultramed,1
elevadores,1
onlineprint,1
luxsell,1
inkompany,1
componentes,1
conepp,1
apresentação,1
catálogodoproduto,1
arquivo,1
vigibrás,1
ftq,1
meta x,1
industria,1
vitalabe,1
cnpj 01.299.509/0001-40,1
envio.,1
planejar,1
d m transportes limpeza,1
helena,1
postagens,1
prosseguimento,1
darinicio,1
reiniciado,1
lote 19,1
stokmetal,1
começaremos,1
exb,1
mensagens.r.a dos santos,1
iris,1
composição,1
a data limite de intenção de recursos foi definida pelo pregoeiro,1
32.709.219/0001-50,1
online,1
alerta,1
foi informado o prazo final para registro de intenção de recursos,1
eletronico,1
ict,1
saneamento,1
prosserv,1
para conquista distribuidora de medicamentos e produtos hosp,1
escadas rolantes,1
jose,1
etapa fechada reiniciada,1
jrp representacoes comercio e servicos,1
duprate,1
reserva,1
mea motos,1
voltar,1
cmos drake do nordeste s.a,1
08.228.010/0002-71,1
mercosul,1
gerador,1
dpnt,1
reabrindo,1
el-roi,1
lm farma industria,1
oferta,1
vr print,1
8934225000127,1
impediment,1
teste,1
mídia,1
arquitetura fernanda garcia eireli,1
reduzir,1
comercial lunardi,1
mr,1
daniele,1
desacordo,1
tres leoes material hospitalar,1
js serviços,1
cft/appdoibama,1
recurso,217
originais,216
mensagens,216
todos,216
iminência,216
habilitar,216
documentos,216
anexo,216
desempate,216
todas,216
convocado,1
anexar,1
e-mail,1
email,1
amostra,1
convocada,1